movie,level,level_num
10_Cloverfield_lane(2016),B1,2
10_things_I_hate_about_you(1999),B1,2
A_knights_tale(2001),B2,3
A_star_is_born(2018),B2,3
Aladdin(1992),A2,1
All_dogs_go_to_heaven(1989),A2,1
An_American_tail(1986),A2,1
Babe(1995),A2,1
Back_to_the_future(1985),A2,1
Banking_On_Bitcoin(2016),C1,4
Batman_begins(2005),A2,1
Beauty_and_the_beast(2017),B2,3
Before_I_go_to_sleep(2014),B2,3
Before_sunrise(1995),B2,3
Before_sunset(2004),B2,3
Braveheart(1995),B2,3
Bridget_Jones_diary(2001),B2,3
Bridget_Joness_Baby,C1,4
Cars(2006),B1,2
Cast_away(2000),A2,1
Catch_me_if_you_can(2002),B2,3
Charlie_and_the_Chocolate_Factory,B1,2
Cinderella(1950),B1,2
Clueless(1995),B1,2
Deadpool(2016),B2,3
Despicable_Me(2010),B2,3
Die_hard(1988),B1,2
Dredd(2012),A2,1
Dune(2021),B2,3
Enola_Holmes(2020),B2,3
Entrapment,B2,3
Eurovision_song_contest_(2020),A2,1
Ferdinand(2017),B1,2
Fight_club(1999),B2,3
Finding_Nemo(2003),A2,1
Forrest_Gump(1994),B1,2
Good_Will_Hunting(1997),B2,3
Groundhog_day(1993),B1,2
Powder(1995),B1,2
Her(2013),B1,2
Home_alone(1990),B1,2
Hook(1991),A2,1
House_of_Gucci(2021),B2,3
Inside_out(2015),B1,2
Inside_out(2015),B1,2
Its_a_wonderful_life(1946),A2,1
Klaus(2019),C1,4
Knives_out(2019),B2,3
Kubo_and_the_two_strings(2016),A2,1
Liar_liar(1997),B1,2
Lion(2016),B2,3
Logan(2017),B1,2
Love_actually(2003),B1,2
Made_of_Honor(2008),B2,3
Mamma_Mia(2008),B1,2
Mary_Poppins_returns(2018),B1,2
Matilda(1996),B1,2
Meet_the_parents(2000),B1,2
Milada(2017),B1,2
Mona_Lisa_Smile(2003),B2,3
Moulin_Rouge(2001),B1,2
Mrs_Doubtfire(1993),B1,2
My_big_fat_Greek_wedding(2002),A2,1
Notting_Hill(1999),B1,2
Oceans_Eleven(2001),C1,4
Oceans_Twelve(2004),C1,4
Pirates_of_the_Caribbean(2003),B1,2
Pleasantville(1998),B1,2
Powder(1995),B1,2
Pulp_fiction(1994),B2,3
Ratatouille(2007),B2,3
Ready_or_not(2019),A2,1
Shrek(2001),B1,2
Sleepless_in_Seattle(1993),A2,1
Soul(2020),B1,2
The_blind_side(2009),B2,3
The_Devil_Wears_Prad,B2,3
The_Fundamentals_of_Caring(2016),B1,2
The_greatest_showman(2017),A2,1
The_Intern(2015),B2,3
The_Legend_of_Tarzan(2016),C1,4
The Secret Life of Pets.en,B2,3
The_Shawshank_redemption(1994),B2,3
The_terminal(2004),B1,2
The_blind_side(2009),B1,2
The_break-up(2006),A2,1
The_cabin_in_the_woods(2012),A2,1
The_fault_in_our_stars(2014),B1,2
The_graduate(1967),B2,3
The_hangover(2009),B2,3
The_holiday(2006),B1,2
The_invisible_man(2020),A2,1
The_jungle_book(2016),A2,1
The_kings_speech(2010),B2,3
The_lion_king(1994),A2,1
The_lord_of_the_rings(2001),B2,3
The_man_called_Flintstone(1966),A2,1
The_secret_life_of_Walter_Mitty(2013),B1,2
The_social_network(2010),B2,3
The_terminal(2004),B1,2
The_terminator(1984),B1,2
The_theory_of_everything(2014),B2,3
The_usual_suspects(1995),B2,3
Titanic(1997),B2,3
Toy_story(1995),A2,1
Twilight(2008),A2,1
Up (2009),A2,1
Venom(2018),B2,3
Warm_bodies(2013),B1,2
We_are_the_Millers(2013),B1,2
While_You_Were_Sleeping(1995),B1,2
Zootopia(2016),B2,3
The Walking Dead-S01E01-Days Gone Bye.English,A2,1
The Walking Dead-S01E02-Guts.English,A2,1
The Walking Dead-S01E03-Tell It To The Frogs.English,A2,1
The Walking Dead-S01E04-Vatos.English,A2,1
The Walking Dead-S01E05-Wildfire.English,A2,1
The Walking Dead-S01E06-TS-19.English,A2,1
AmericanBeauty1999.BRRip,B1,2
Angelas.Christmas.Wish.2020,B1,2
Indiana Jones And The Last Crusade DVDRip Xvid -IZON-,B1,2
mechanic-resurrection_,B1,2
Men.In.Black.1997.720p.Bluray.x264-SEPTiC,B1,2
Rat.Race.2001.1080p.WEB-DL.DD5.1.H264-FGT,B1,2
Seven.Worlds.One.Planet.S01E01.2160p.BluRay.Remux.eng,B1,2
Seven.Worlds.One.Planet.S01E02.2160p.BluRay.Remux.eng,B1,2
Seven.Worlds.One.Planet.S01E03.2160p.BluRay.Remux.eng,B1,2
Seven.Worlds.One.Planet.S01E04.2160p.BluRay.Remux.eng,B1,2
Seven.Worlds.One.Planet.S01E05.2160p.BluRay.Remux.eng,B1,2
Seven.Worlds.One.Planet.S01E06.2160p.BluRay.Remux.eng,B1,2
Seven.Worlds.One.Planet.S01E07.2160p.BluRay.Remux.eng,B1,2
Spirit.Stallion.of.the.Cimarron.EN,B1,2
Terminator_2_Judgment_Day_1991_roNy,B1,2
Valentine's.Day.2010.Subtitles.YIFY,B1,2
Angela's.Christmas.2018.WEBRip.Netflix,B2,3
Collateral.Beauty.2016.720p.BRRip.x264.AAC-ETRG,B2,3
Crazy4TV.com - Suits.S06E01.720p.BluRay.x265.HEVC.Crazy4ad,B2,3
Crazy4TV.com - Suits.S06E02.720p.BluRay.x265.HEVC.Crazy4ad,B2,3
Crazy4TV.com - Suits.S06E03.720p.BluRay.x265.HEVC.Crazy4ad,B2,3
Crazy4TV.com - Suits.S06E04.720p.BluRay.x265.HEVC.Crazy4ad,B2,3
Crazy4TV.com - Suits.S06E05.720p.BluRay.x265.HEVC.Crazy4ad,B2,3
Crazy4TV.com - Suits.S06E06.720p.BluRay.x265.HEVC.Crazy4ad,B2,3
Crazy4TV.com - Suits.S06E07.720p.BluRay.x265.HEVC.Crazy4ad,B2,3
Crazy4TV.com - Suits.S06E08.720p.BluRay.x265.HEVC.Crazy4ad,B2,3
Crazy4TV.com - Suits.S06E09.720p.BluRay.x265.HEVC.Crazy4ad,B2,3
Crazy4TV.com - Suits.S06E10.720p.BluRay.x265.HEVC.Crazy4ad,B2,3
Crazy4TV.com - Suits.S06E11.720p.BluRay.x265.HEVC.Crazy4ad,B2,3
Crazy4TV.com - Suits.S06E12.720p.BluRay.x265.HEVC.Crazy4ad,B2,3
Crazy4TV.com - Suits.S06E13.720p.BluRay.x265.HEVC.Crazy4ad,B2,3
Crazy4TV.com - Suits.S06E14.720p.BluRay.x265.HEVC.Crazy4ad,B2,3
Crazy4TV.com - Suits.S06E15.720p.BluRay.x265.HEVC.Crazy4ad,B2,3
Crazy4TV.com - Suits.S06E16.720p.BluRay.x265.HEVC.Crazy4ad,B2,3
Ghosts.of.Girlfriends.Past.2009.BluRay.720p.x264.YIFY,B2,3
Roman Holiday 1953 1080p WEBRip HEVC AAC,B2,3
Secrets Of Her Majesty's Secret Service eng,B2,3
SOMM.Into.the.Bottle.2015.1080p.BluRay.x265-RARBG.en.srt,B2,3
Suits.Episode 1- Denial,B2,3
Suits.Episode 10- Faith,B2,3
Suits.Episode 11- Blowback,B2,3
Suits.Episode 12- Live to Fight,B2,3
Suits.Episode 13- God's Green Earth,B2,3
Suits.Episode 14- Self Defense,B2,3
Suits.Episode 15- Tick Tock,B2,3
Suits.Episode 16- 25th Hour,B2,3
Suits.Episode 2- Compensation,B2,3
Suits.Episode 3- No Refills,B2,3
Suits.Episode 4- No Puedo Hacerlo,B2,3
Suits.Episode 5- Toe to Toe,B2,3
Suits.Episode 6- Privilege,B2,3
Suits.Episode 7- Hitting Home,B2,3
Suits.Episode 8- Mea Culpa,B2,3
Suits.Episode 9- Uninvited Guests,B2,3
Suits.S01E01.1080p.BluRay.AAC5.1.x265-DTG.02.EN,B2,3
Suits.S01E02.1080p.BluRay.AAC5.1.x265-DTG.02.EN,B2,3
Suits.S01E03.1080p.BluRay.AAC5.1.x265-DTG.02.EN,B2,3
Suits.S01E04.1080p.BluRay.AAC5.1.x265-DTG.02.EN,B2,3
Suits.S01E05.1080p.BluRay.AAC5.1.x265-DTG.02.EN,B2,3
Suits.S01E06.1080p.BluRay.AAC5.1.x265-DTG.02.EN,B2,3
Suits.S01E07.1080p.BluRay.AAC5.1.x265-DTG.02.EN,B2,3
Suits.S01E08.1080p.BluRay.AAC5.1.x265-DTG.02.EN,B2,3
Suits.S01E09.1080p.BluRay.AAC5.1.x265-DTG.02.EN,B2,3
Suits.S01E10.1080p.BluRay.AAC5.1.x265-DTG.02.EN,B2,3
Suits.S01E11.1080p.BluRay.AAC5.1.x265-DTG.02.EN,B2,3
Suits.S01E12.1080p.BluRay.AAC5.1.x265-DTG.02.EN,B2,3
Suits.S02E01.HDTV.x264-AVS,B2,3
Suits.S02E02.HDTV.x264-ASAP,B2,3
Suits.S02E03.HDTV.x264-ASAP,B2,3
Suits.S02E04.HDTV.x264-ASAP,B2,3
Suits.S02E05.iNTERNAL.HDTV.x264-2HD,B2,3
Suits.S02E06.All.In.HDTV.x264-FQM,B2,3
Suits.S02E07.Sucker.Punch.PROPER.HDTV.x264-FQM,B2,3
Suits.S02E08.HDTV.x264-EVOLVE,B2,3
Suits.S02E09.HDTV.x264-ASAP,B2,3
Suits.S02E10.HDTV.x264-ASAP,B2,3
Suits.S02E11.HDTV.x264-ASAP,B2,3
Suits.S02E12.HDTV.x264-ASAP,B2,3
Suits.S02E13.REPACK.HDTV.x264-2HD,B2,3
Suits.S02E14.HDTV.x264-ASAP,B2,3
Suits.S02E15.HDTV.x264-ASAP,B2,3
Suits.S02E16.HDTV.x264-2HD,B2,3
The.Notebook.DVDRip.XviD-DiAMOND,B2,3
z srt23 uk-bun Gullivers.Travels.1939.720p.BluRay.x264-CiNEFiLE,B2,3
Downton Abbey - S01E01 - Episode 1.eng.SDH,C1,4
Downton Abbey - S01E02 - Episode 2.eng.SDH,C1,4
Downton Abbey - S01E03 - Episode 3.eng.SDH,C1,4
Downton Abbey - S01E04 - Episode 4.eng.SDH,C1,4
Downton Abbey - S01E05 - Episode 5.eng.SDH,C1,4
Downton Abbey - S01E06 - Episode 6.eng.SDH,C1,4
Downton Abbey - S01E07 - Episode 7.eng.SDH,C1,4
Suits S04E01 EngSub,C1,4
Suits S04E02 EngSub,C1,4
Suits S04E03 EngSub,C1,4
Suits S04E04 EngSub,C1,4
Suits S04E05 EngSub,C1,4
Suits S04E06 EngSub,C1,4
Suits S04E07 EngSub,C1,4
Suits S04E08 EngSub,C1,4
Suits S04E09 EngSub,C1,4
Suits S04E10 EngSub,C1,4
Suits S04E11 EngSub,C1,4
Suits S04E12 EngSub,C1,4
Suits S04E13 EngSub,C1,4
Suits S04E14 EngSub,C1,4
Suits S04E15 EngSub,C1,4
Suits S04E16 EngSub,C1,4
Suits.S03E01.480pHDTV.x264-mSD,C1,4
Suits.S03E02.720pHDTV.x264-mSD,C1,4
Suits.S03E03.480pHDTV.x264-mSD,C1,4
Suits.S03E04.480pHDTV.x264-mSD,C1,4
Suits.S03E05.480p.HDTV.x264-mSD,C1,4
Suits.S03E06.720p.HDTV.x264-mSD,C1,4
Suits.S03E07.HDTV.x264-mSD,C1,4
Suits.S03E08.480p.HDTV.x264-mSD,C1,4
Suits.S03E09.480p.HDTV.x264-mSD,C1,4
Suits.S03E10.HDTV.x264-mSD,C1,4
Glass Onion,B2,3
Matilda(2022),C1,4
Bullet train,B1,2
Thor: love and thunder,B2,3
Lightyear,B2,3
The Grinch,B1,2
14_Extra_English_-_Changes.Vie_Syned,A1,0
30_Extra_English_-_Love_hurts.Vie_Syned,A1,0
07_Extra_English_-_The_twin.Eng_Syned,A1,0
19_Extra_English_-_Kung_fu_fighting.Eng_Syned,A1,0
Muzzy in Gondoland Part6 -English,A1,0
Muzzy in Gondoland Part1 -English,A1,0
Casper.1995.1080p.BluRay.X264-AMIABLE,A1,0
mikes.new.car.2002.720p.bluray.x264-sinners.eng,A1,0
22_Extra_English_-_Haunting_at_Halloween.Vie_Syned,A1,0
16_Extra_English_-_Uncle_Nick.Vie_Syned,A1,0
21_Extra_English_-_The_entertainers.Eng_Syned,A1,0
28_Extra_English_-_Christmas.Vie_Syned,A1,0
01_Extra_English_-_Hectors_arrival,A1,0
25_Extra_English_-_Art.Eng_Syned,A1,0
11_Extra_English_-_Holiday_time.Eng_Syned,A1,0
29_Extra_English_-_Camping.Eng_Syned,A1,0
23_Extra_English_-_Truth_or_dare.Eng_Syned,A1,0
13_Extra_English_-_A_wedding_in_the_air.Eng_Syned,A1,0
Frozen.2013.WEB-DL.DSNP,A1,0
09_Extra_English_-_Jobs_for_the_boys.Eng_Syned,A1,0
06_Extra_English_-_Bridget_wins_the_lottery.Vie_Syned,A1,0
18_Extra_English_-_Just_the_ticket.Vie_Syned,A1,0
05_Extra_English_-_A_star_is_born.Eng_Syned,A1,0
20_Extra_English_-_Every_dog_has_its_day.Vie_Syned,A1,0
02_Extra_English_-_Hector_goes_shopping.Vie_Syned,A1,0
Peppa.Pig.S01E01.Muddy.Puddles.720p.[itoons.ir],A1,0
10_Extra_English_-_Annies_Protest.Vie_Syned,A1,0
26_Extra_English_-_Alibi.Vie_Syned,A1,0
15_Extra_English_-_The_bouncer.Eng_Syned,A1,0
08_Extra_English_-_The_landladys_cousin.Vie_Syned,A1,0
Muzzy in Gondoland Part3 -English,A1,0
17_Extra_English_-_Cyber_Stress.Eng_Syned,A1,0
Muzzy in Gondoland Part4 -English,A1,0
24_Extra_English_-_Pilot_Nick.Vie_Syned,A1,0
27_Extra_English_-_Can_you_live_without.Eng_Syned,A1,0
04_Extra_English_-_Hector_looks_for_a_job.Vie_Syned,A1,0
Muzzy in Gondoland Part5 -English,A1,0
Muzzy in Gondoland Part2 -English,A1,0
03_Extra_English_-_Hector_has_a_date.Eng_Syned,A1,0
12_Extra_English_-_Football_Crazy.Vie_Syned,A1,0
The Walking Dead-S01E03-Tell It To The Frogs.English,A2,1
The Walking Dead-S01E05-Wildfire.English,A2,1
The Walking Dead-S01E02-Guts.English,A2,1
The Walking Dead-S01E04-Vatos.English,A2,1
The Walking Dead-S01E06-TS-19.English,A2,1
The Walking Dead-S01E01-Days Gone Bye.English,A2,1
Seven.Worlds.One.Planet.S01E06.2160p.BluRay.Remux.eng,B1,2
Spirit.Stallion.of.the.Cimarron.EN,B1,2
AmericanBeauty1999.BRRip,B1,2
Seven.Worlds.One.Planet.S01E01.2160p.BluRay.Remux.eng,B1,2
Seven.Worlds.One.Planet.S01E07.2160p.BluRay.Remux.eng,B1,2
Men.In.Black.1997.720p.Bluray.x264-SEPTiC,B1,2
Rat.Race.2001.1080p.WEB-DL.DD5.1.H264-FGT,B1,2
mechanic-resurrection_,B1,2
Valentine's.Day.2010.Subtitles.YIFY,B1,2
Seven.Worlds.One.Planet.S01E02.2160p.BluRay.Remux.eng,B1,2
SlingShot (2014) WEB.eng,B1,2
Seven.Worlds.One.Planet.S01E05.2160p.BluRay.Remux.eng,B1,2
Indiana Jones And The Last Crusade DVDRip Xvid -IZON-,B1,2
Seven.Worlds.One.Planet.S01E04.2160p.BluRay.Remux.eng,B1,2
Seven.Worlds.One.Planet.S01E03.2160p.BluRay.Remux.eng,B1,2
Angelas.Christmas.Wish.2020,B1,2
Terminator_2_Judgment_Day_1991_roNy,B1,2
"Crown, The S01E01 - Wolferton Splash.en",B2,3
Suits.Episode 1- Denial,B2,3
Crazy4TV.com - Suits.S06E06.720p.BluRay.x265.HEVC.Crazy4ad,B2,3
Suits.S02E08.HDTV.x264-EVOLVE,B2,3
Virgin.River.S01E07.INTERNAL.720p.WEB.x264-STRiFE,B2,3
Suits.S02E04.HDTV.x264-ASAP,B2,3
Suits.S02E09.HDTV.x264-ASAP,B2,3
Crazy4TV.com - Suits.S06E14.720p.BluRay.x265.HEVC.Crazy4ad,B2,3
Suits.S02E14.HDTV.x264-ASAP,B2,3
"Crown, The S01E04 - Act of God.en.SDH",B2,3
Suits.S01E09.1080p.BluRay.AAC5.1.x265-DTG.02.EN,B2,3
"Crown, The S01E05 - Smoke and Mirrors.en",B2,3
"Crown, The S01E03 - Windsor.en",B2,3
Suits.Episode 11- Blowback,B2,3
Crazy4TV.com - Suits.S06E12.720p.BluRay.x265.HEVC.Crazy4ad,B2,3
Collateral.Beauty.2016.720p.BRRip.x264.AAC-ETRG,B2,3
"Crown, The S01E05 - Smoke and Mirrors.en.SDH",B2,3
Roman Holiday 1953 1080p WEBRip HEVC AAC,B2,3
Suits.Episode 3- No Refills,B2,3
Virgin.River.S01E05.INTERNAL.720p.WEB.x264-STRiFE,B2,3
Suits.S02E13.REPACK.HDTV.x264-2HD,B2,3
icarus.2017.web.x264-strife,B2,3
"Crown, The S01E04 - Act of God.en",B2,3
Suits.Episode 16- 25th Hour,B2,3
"Crown, The S01E10 - Gloriana.en",B2,3
Virgin.River.S01E08.INTERNAL.720p.WEB.x264-STRiFE,B2,3
Suits.Episode 4- No Puedo Hacerlo,B2,3
Suits.Episode 14- Self Defense,B2,3
"Crown, The S01E07 - Scientia Potentia Est.en",B2,3
Suits.S01E05.1080p.BluRay.AAC5.1.x265-DTG.02.EN,B2,3
"Crown, The S01E09 - Assassins.en.SDH",B2,3
Suits.S02E11.HDTV.x264-ASAP,B2,3
Suits.S01E06.1080p.BluRay.AAC5.1.x265-DTG.02.EN,B2,3
Crazy4TV.com - Suits.S06E07.720p.BluRay.x265.HEVC.Crazy4ad,B2,3
Suits.Episode 13- God's Green Earth,B2,3
Virgin.River.S01E06.INTERNAL.720p.WEB.x264-STRiFE,B2,3
Crazy4TV.com - Suits.S06E15.720p.BluRay.x265.HEVC.Crazy4ad,B2,3
Angela's.Christmas.2018.WEBRip.Netflix,B2,3
Suits.S02E02.HDTV.x264-ASAP,B2,3
Crazy4TV.com - Suits.S06E13.720p.BluRay.x265.HEVC.Crazy4ad,B2,3
Virgin.River.S01E04.INTERNAL.720p.WEB.x264-STRiFE,B2,3
Suits.S02E12.HDTV.x264-ASAP,B2,3
"Crown, The S01E10 - Gloriana.en.FORCED",B2,3
Secrets Of Her Majesty's Secret Service eng,B2,3
Crazy4TV.com - Suits.S06E01.720p.BluRay.x265.HEVC.Crazy4ad,B2,3
Suits.Episode 8- Mea Culpa,B2,3
Virgin.River.S01E09.INTERNAL.720p.WEB.x264-STRiFE,B2,3
"Crown, The S01E02 - Hyde Park Corner.en.SDH",B2,3
Suits.S02E06.All.In.HDTV.x264-FQM,B2,3
Suits.S02E07.Sucker.Punch.PROPER.HDTV.x264-FQM,B2,3
Suits.S01E10.1080p.BluRay.AAC5.1.x265-DTG.02.EN,B2,3
Suits.S01E03.1080p.BluRay.AAC5.1.x265-DTG.02.EN,B2,3
"Crown, The S01E02 - Hyde Park Corner.en",B2,3
Suits.S01E02.1080p.BluRay.AAC5.1.x265-DTG.02.EN,B2,3
Suits.S02E03.HDTV.x264-ASAP,B2,3
"Crown, The S01E07 - Scientia Potentia Est.en.SDH",B2,3
Suits.S01E11.1080p.BluRay.AAC5.1.x265-DTG.02.EN,B2,3
Suits.Episode 5- Toe to Toe,B2,3
Suits.Episode 12- Live to Fight,B2,3
"Crown, The S01E03 - Windsor.en.SDH",B2,3
Suits.S01E01.1080p.BluRay.AAC5.1.x265-DTG.02.EN,B2,3
z srt23 uk-bun Gullivers.Travels.1939.720p.BluRay.x264-CiNEFiLE,B2,3
Crazy4TV.com - Suits.S06E04.720p.BluRay.x265.HEVC.Crazy4ad,B2,3
Suits.S01E12.1080p.BluRay.AAC5.1.x265-DTG.02.EN,B2,3
Suits.S02E16.HDTV.x264-2HD,B2,3
"Crown, The S01E09 - Assassins.en",B2,3
Virgin.River.S01E02.INTERNAL.720p.WEB.x264-STRiFE,B2,3
Crazy4TV.com - Suits.S06E16.720p.BluRay.x265.HEVC.Crazy4ad,B2,3
Crazy4TV.com - Suits.S06E10.720p.BluRay.x265.HEVC.Crazy4ad,B2,3
The.Sound.of.Music.1965.WEBRip.iTunes,B2,3
Suits.S02E01.HDTV.x264-AVS,B2,3
Suits.S01E07.1080p.BluRay.AAC5.1.x265-DTG.02.EN,B2,3
Crazy4TV.com - Suits.S06E02.720p.BluRay.x265.HEVC.Crazy4ad,B2,3
Frozen.2013.WEB-DL.DSNP,B2,3
The.True.Cost.2015.BluRay.720p.700MB.Ganool.com,B2,3
Crazy4TV.com - Suits.S06E09.720p.BluRay.x265.HEVC.Crazy4ad,B2,3
"Crown, The S01E08 - Pride & Joy.en.SDH",B2,3
The.Grinch.2018.REMUX.1080p.Blu-ray.AVC.TrueHD.DTS-HD.MA.7.1-LEGi0N.English,B2,3
Suits.S02E10.HDTV.x264-ASAP,B2,3
Suits.S01E04.1080p.BluRay.AAC5.1.x265-DTG.02.EN,B2,3
The.Notebook.DVDRip.XviD-DiAMOND,B2,3
Suits.S02E05.iNTERNAL.HDTV.x264-2HD,B2,3
Suits.Episode 7- Hitting Home,B2,3
Suits.Episode 15- Tick Tock,B2,3
Suits.Episode 10- Faith,B2,3
"Crown, The S01E06 - Gelignite.en.SDH",B2,3
Suits.S01E08.1080p.BluRay.AAC5.1.x265-DTG.02.EN,B2,3
Crazy4TV.com - Suits.S06E05.720p.BluRay.x265.HEVC.Crazy4ad,B2,3
Virgin.River.S01E03.INTERNAL.720p.WEB.x264-STRiFE,B2,3
Crazy4TV.com - Suits.S06E11.720p.BluRay.x265.HEVC.Crazy4ad,B2,3
SOMM.Into.the.Bottle.2015.1080p.BluRay.x265-RARBG.en.srt,B2,3
Virgin.River.S01E10.INTERNAL.720p.WEB.x264-STRiFE,B2,3
"Crown, The S01E07 - Scientia Potentia Est.en.FORCED",B2,3
Virgin.River.S01E01.INTERNAL.720p.WEB.x264-STRiFE,B2,3
Crazy4TV.com - Suits.S06E03.720p.BluRay.x265.HEVC.Crazy4ad,B2,3
"Crown, The S01E06 - Gelignite.en",B2,3
Crazy4TV.com - Suits.S06E08.720p.BluRay.x265.HEVC.Crazy4ad,B2,3
"Crown, The S01E01 - Wolferton Splash.en.SDH",B2,3
"Crown, The S01E05 - Smoke and Mirrors.en.FORCED",B2,3
"Crown, The S01E03 - Windsor.en.FORCED",B2,3
Suits.Episode 2- Compensation,B2,3
Suits.S02E15.HDTV.x264-ASAP,B2,3
Suits.Episode 9- Uninvited Guests,B2,3
Suits.Episode 6- Privilege,B2,3
Ghosts.of.Girlfriends.Past.2009.BluRay.720p.x264.YIFY,B2,3
"Crown, The S01E10 - Gloriana.en.SDH",B2,3
"Crown, The S01E08 - Pride & Joy.en",B2,3
Suits S04E11 EngSub,C1,4
Downton Abbey - S01E01 - Episode 1.eng.SDH,C1,4
Suits S04E08 EngSub,C1,4
Downton Abbey - S01E02 - Episode 2.eng.SDH,C1,4
Downton Abbey - S01E03 - Episode 3.eng.SDH,C1,4
Suits S04E14 EngSub,C1,4
Suits S04E05 EngSub,C1,4
Suits.S03E06.720p.HDTV.x264-mSD,C1,4
Suits S04E02 EngSub,C1,4
Suits S04E13 EngSub,C1,4
Suits.S03E04.480pHDTV.x264-mSD,C1,4
Suits S04E16 EngSub,C1,4
Suits.S03E10.HDTV.x264-mSD,C1,4
Suits S04E07 EngSub,C1,4
Downton Abbey - S01E05 - Episode 5.eng.SDH,C1,4
Suits S04E09 EngSub,C1,4
Downton Abbey - S01E04 - Episode 4.eng.SDH,C1,4
Downton Abbey - S01E07 - Episode 7.eng.SDH,C1,4
Suits S04E15 EngSub,C1,4
Downton Abbey - S01E06 - Episode 6.eng.SDH,C1,4
Suits.S03E01.480pHDTV.x264-mSD,C1,4
Suits S04E04 EngSub,C1,4
Suits S04E01 EngSub,C1,4
Suits.S03E09.480p.HDTV.x264-mSD,C1,4
Suits.S03E02.720pHDTV.x264-mSD,C1,4
Suits.S03E03.480pHDTV.x264-mSD,C1,4
Suits S04E10 EngSub,C1,4
Suits.S03E05.480p.HDTV.x264-mSD,C1,4
Suits.S03E08.480p.HDTV.x264-mSD,C1,4
Suits S04E06 EngSub,C1,4
Suits.S03E07.HDTV.x264-mSD,C1,4
Suits S04E03 EngSub,C1,4
Suits S04E12 EngSub,C1,4
